date,geoid,county,state,cases,cases_avg,cases_avg_per_100k,deaths,deaths_avg,deaths_avg_per_100k
2/1/2020,USA-25025,Suffolk,Massachusetts,1,0.14,0.02,0,0,0
2/2/2020,USA-25025,Suffolk,Massachusetts,0,0.14,0.02,0,0,0
2/3/2020,USA-25025,Suffolk,Massachusetts,0,0.14,0.02,0,0,0
2/4/2020,USA-25025,Suffolk,Massachusetts,0,0.14,0.02,0,0,0
2/5/2020,USA-25025,Suffolk,Massachusetts,0,0.14,0.02,0,0,0
2/6/2020,USA-25025,Suffolk,Massachusetts,0,0.14,0.02,0,0,0
2/7/2020,USA-25025,Suffolk,Massachusetts,0,0.14,0.02,0,0,0
2/8/2020,USA-25025,Suffolk,Massachusetts,0,0,0,0,0,0
2/9/2020,USA-25025,Suffolk,Massachusetts,0,0,0,0,0,0
2/10/2020,USA-25025,Suffolk,Massachusetts,0,0,0,0,0,0
2/11/2020,USA-25025,Suffolk,Massachusetts,0,0,0,0,0,0
2/12/2020,USA-25025,Suffolk,Massachusetts,0,0,0,0,0,0
2/13/2020,USA-25025,Suffolk,Massachusetts,0,0,0,0,0,0
2/14/2020,USA-25025,Suffolk,Massachusetts,0,0,0,0,0,0
2/15/2020,USA-25025,Suffolk,Massachusetts,0,0,0,0,0,0
2/16/2020,USA-25025,Suffolk,Massachusetts,0,0,0,0,0,0
2/17/2020,USA-25025,Suffolk,Massachusetts,0,0,0,0,0,0
2/18/2020,USA-25025,Suffolk,Massachusetts,0,0,0,0,0,0
2/19/2020,USA-25025,Suffolk,Massachusetts,0,0,0,0,0,0
2/20/2020,USA-25025,Suffolk,Massachusetts,0,0,0,0,0,0
2/21/2020,USA-25025,Suffolk,Massachusetts,0,0,0,0,0,0
2/22/2020,USA-25025,Suffolk,Massachusetts,0,0,0,0,0,0
2/23/2020,USA-25025,Suffolk,Massachusetts,0,0,0,0,0,0
2/24/2020,USA-25025,Suffolk,Massachusetts,0,0,0,0,0,0
2/25/2020,USA-25025,Suffolk,Massachusetts,0,0,0,0,0,0
2/26/2020,USA-25025,Suffolk,Massachusetts,0,0,0,0,0,0
2/27/2020,USA-25025,Suffolk,Massachusetts,0,0,0,0,0,0
2/28/2020,USA-25025,Suffolk,Massachusetts,0,0,0,0,0,0
2/29/2020,USA-25025,Suffolk,Massachusetts,0,0,0,0,0,0
3/1/2020,USA-25025,Suffolk,Massachusetts,0,0,0,0,0,0
3/2/2020,USA-25025,Suffolk,Massachusetts,0,0,0,0,0,0
3/3/2020,USA-25025,Suffolk,Massachusetts,0,0,0,0,0,0
3/4/2020,USA-25025,Suffolk,Massachusetts,0,0,0,0,0,0
3/5/2020,USA-25025,Suffolk,Massachusetts,0,0,0,0,0,0
3/6/2020,USA-25025,Suffolk,Massachusetts,3,0.43,0.05,0,0,0
3/7/2020,USA-25025,Suffolk,Massachusetts,0,0.43,0.05,0,0,0
3/8/2020,USA-25025,Suffolk,Massachusetts,5,1,0.12,0,0,0
3/9/2020,USA-25025,Suffolk,Massachusetts,1,1,0.12,0,0,0
3/10/2020,USA-25025,Suffolk,Massachusetts,10,1.9,0.24,0,0,0
3/11/2020,USA-25025,Suffolk,Massachusetts,0,1.9,0.24,0,0,0
3/12/2020,USA-25025,Suffolk,Massachusetts,2,1.75,0.22,0,0,0
3/13/2020,USA-25025,Suffolk,Massachusetts,4,3.14,0.39,0,0,0
3/14/2020,USA-25025,Suffolk,Massachusetts,1,2.88,0.36,0,0,0
3/15/2020,USA-25025,Suffolk,Massachusetts,4,3.14,0.39,0,0,0
3/16/2020,USA-25025,Suffolk,Massachusetts,11,4.57,0.57,0,0,0
3/17/2020,USA-25025,Suffolk,Massachusetts,0,4.57,0.57,0,0,0
3/18/2020,USA-25025,Suffolk,Massachusetts,9,3.88,0.48,0,0,0
3/19/2020,USA-25025,Suffolk,Massachusetts,21,7.14,0.89,0,0,0
3/20/2020,USA-25025,Suffolk,Massachusetts,15,8.71,1.08,1,0.14,0.02
3/21/2020,USA-25025,Suffolk,Massachusetts,21,11.57,1.44,0,0.14,0.02
3/22/2020,USA-25025,Suffolk,Massachusetts,18,13.57,1.69,1,0.22,0.03
3/23/2020,USA-25025,Suffolk,Massachusetts,28,16,1.99,1,0.3,0.04
3/24/2020,USA-25025,Suffolk,Massachusetts,80,24,2.99,0,0.3,0.04
3/25/2020,USA-25025,Suffolk,Massachusetts,108,41.57,5.17,0,0.3,0.04
3/26/2020,USA-25025,Suffolk,Massachusetts,106,53.71,6.68,1,0.31,0.04
3/27/2020,USA-25025,Suffolk,Massachusetts,183,77.71,9.67,0,0.31,0.04
3/28/2020,USA-25025,Suffolk,Massachusetts,212,105,13.06,1,0.5,0.06
3/29/2020,USA-25025,Suffolk,Massachusetts,97,116.29,14.47,0,0.5,0.06
3/30/2020,USA-25025,Suffolk,Massachusetts,175,137.29,17.08,2,0.57,0.07
3/31/2020,USA-25025,Suffolk,Massachusetts,258,162.71,20.24,1,0.63,0.08
4/1/2020,USA-25025,Suffolk,Massachusetts,251,183.14,22.78,7,1.33,0.17
4/2/2020,USA-25025,Suffolk,Massachusetts,272,206.86,25.73,6,2.43,0.3
4/3/2020,USA-25025,Suffolk,Massachusetts,287,221.71,27.58,2,2.38,0.3
4/4/2020,USA-25025,Suffolk,Massachusetts,246,226.57,28.18,5,3.29,0.41
4/5/2020,USA-25025,Suffolk,Massachusetts,229,245.43,30.53,1,3,0.37
4/6/2020,USA-25025,Suffolk,Massachusetts,271,259.14,32.24,4,3.71,0.46
4/7/2020,USA-25025,Suffolk,Massachusetts,316,267.43,33.27,9,4.86,0.6
4/8/2020,USA-25025,Suffolk,Massachusetts,355,282.29,35.11,8,5,0.62
4/9/2020,USA-25025,Suffolk,Massachusetts,441,306.43,38.12,6,5,0.62
4/10/2020,USA-25025,Suffolk,Massachusetts,493,335.86,41.78,17,7.14,0.89
4/11/2020,USA-25025,Suffolk,Massachusetts,392,356.71,44.37,8,7.57,0.94
4/12/2020,USA-25025,Suffolk,Massachusetts,433,385.86,48,7,8.43,1.05
4/13/2020,USA-25025,Suffolk,Massachusetts,220,378.57,47.09,18,10.43,1.3
4/14/2020,USA-25025,Suffolk,Massachusetts,293,375.29,46.68,14,11.14,1.39
4/15/2020,USA-25025,Suffolk,Massachusetts,407,382.71,47.61,27,13.86,1.72
4/16/2020,USA-25025,Suffolk,Massachusetts,541,397,49.38,19,15.71,1.95
4/17/2020,USA-25025,Suffolk,Massachusetts,452,391.14,48.66,24,16.71,2.08
4/18/2020,USA-25025,Suffolk,Massachusetts,424,395.71,49.22,24,19,2.36
4/19/2020,USA-25025,Suffolk,Massachusetts,378,387.86,48.25,24,21.43,2.67
4/20/2020,USA-25025,Suffolk,Massachusetts,240,390.71,48.6,25,22.43,2.79
4/21/2020,USA-25025,Suffolk,Massachusetts,355,399.57,49.7,22,23.57,2.93
4/22/2020,USA-25025,Suffolk,Massachusetts,391,397.29,49.42,33,24.43,3.04
4/23/2020,USA-25025,Suffolk,Massachusetts,679,417,51.87,28,25.71,3.2
4/24/2020,USA-25025,Suffolk,Massachusetts,985,493.14,61.34,26,26,3.23
4/25/2020,USA-25025,Suffolk,Massachusetts,494,503.14,62.59,19,25.29,3.15
4/26/2020,USA-25025,Suffolk,Massachusetts,325,495.57,61.65,33,26.57,3.31
4/27/2020,USA-25025,Suffolk,Massachusetts,340,509.86,63.42,24,26.43,3.29
4/28/2020,USA-25025,Suffolk,Massachusetts,257,495.86,61.68,21,26.29,3.27
4/29/2020,USA-25025,Suffolk,Massachusetts,399,497,61.82,35,26.57,3.31
4/30/2020,USA-25025,Suffolk,Massachusetts,351,450.14,55.99,20,25.43,3.16
5/1/2020,USA-25025,Suffolk,Massachusetts,405,367.29,45.69,26,25.43,3.16
5/2/2020,USA-25025,Suffolk,Massachusetts,311,341.14,42.44,19,25.43,3.16
5/3/2020,USA-25025,Suffolk,Massachusetts,171,319.14,39.7,19,23.43,2.91
5/4/2020,USA-25025,Suffolk,Massachusetts,164,294,36.57,8,21.14,2.63
5/5/2020,USA-25025,Suffolk,Massachusetts,232,290.43,36.13,13,20,2.49
5/6/2020,USA-25025,Suffolk,Massachusetts,303,276.71,34.42,33,19.71,2.45
5/7/2020,USA-25025,Suffolk,Massachusetts,256,263.14,32.73,21,19.86,2.47
5/8/2020,USA-25025,Suffolk,Massachusetts,212,235.57,29.3,20,19,2.36
5/9/2020,USA-25025,Suffolk,Massachusetts,175,216.14,26.89,20,19.14,2.38
5/10/2020,USA-25025,Suffolk,Massachusetts,160,214.57,26.69,15,18.57,2.31
5/11/2020,USA-25025,Suffolk,Massachusetts,77,202.14,25.15,13,19.29,2.4
5/12/2020,USA-25025,Suffolk,Massachusetts,98,183,22.76,1,17.57,2.19
5/13/2020,USA-25025,Suffolk,Massachusetts,133,158.71,19.74,17,15.29,1.9
5/14/2020,USA-25025,Suffolk,Massachusetts,294,164.14,20.42,10,13.71,1.71
5/15/2020,USA-25025,Suffolk,Massachusetts,115,150.29,18.69,9,12.14,1.51
5/16/2020,USA-25025,Suffolk,Massachusetts,350,175.29,21.8,10,10.71,1.33
5/17/2020,USA-25025,Suffolk,Massachusetts,133,171.43,21.32,9,9.86,1.23
5/18/2020,USA-25025,Suffolk,Massachusetts,192,187.86,23.37,6,8.86,1.1
5/19/2020,USA-25025,Suffolk,Massachusetts,154,195.86,24.36,4,9.29,1.16
5/20/2020,USA-25025,Suffolk,Massachusetts,137,196.43,24.43,10,8.29,1.03
5/21/2020,USA-25025,Suffolk,Massachusetts,127,172.57,21.47,6,7.71,0.96
5/22/2020,USA-25025,Suffolk,Massachusetts,91,169.14,21.04,5,7.14,0.89
5/23/2020,USA-25025,Suffolk,Massachusetts,111,135,16.79,9,7,0.87
5/24/2020,USA-25025,Suffolk,Massachusetts,126,134,16.67,11,7.29,0.91
5/25/2020,USA-25025,Suffolk,Massachusetts,63,115.57,14.38,1,6.57,0.82
5/26/2020,USA-25025,Suffolk,Massachusetts,53,101.14,12.58,5,6.71,0.84
5/27/2020,USA-25025,Suffolk,Massachusetts,63,90.57,11.27,6,6.14,0.76
5/28/2020,USA-25025,Suffolk,Massachusetts,102,87,10.82,2,5.57,0.69
5/29/2020,USA-25025,Suffolk,Massachusetts,88,86.57,10.77,9,6.14,0.76
5/30/2020,USA-25025,Suffolk,Massachusetts,87,83.14,10.34,7,5.86,0.73
5/31/2020,USA-25025,Suffolk,Massachusetts,63,74.14,9.22,3,4.71,0.59
6/1/2020,USA-25025,Suffolk,Massachusetts,645,157.29,19.57,25,8.14,1.01
6/2/2020,USA-25025,Suffolk,Massachusetts,55,157.57,19.6,6,8.29,1.03
6/3/2020,USA-25025,Suffolk,Massachusetts,97,162.43,20.2,6,8.29,1.03
6/4/2020,USA-25025,Suffolk,Massachusetts,57,156,19.41,5,8.71,1.08
6/5/2020,USA-25025,Suffolk,Massachusetts,68,153.14,19.05,9,8.71,1.08
6/6/2020,USA-25025,Suffolk,Massachusetts,97,154.57,19.23,1,7.86,0.98
6/7/2020,USA-25025,Suffolk,Massachusetts,46,152.14,18.93,1,7.57,0.94
6/8/2020,USA-25025,Suffolk,Massachusetts,27,63.86,7.94,7,5,0.62
6/9/2020,USA-25025,Suffolk,Massachusetts,39,61.57,7.66,4,4.71,0.59
6/10/2020,USA-25025,Suffolk,Massachusetts,32,52.29,6.5,1,4,0.5
6/11/2020,USA-25025,Suffolk,Massachusetts,96,57.86,7.2,2,3.57,0.44
6/12/2020,USA-25025,Suffolk,Massachusetts,54,55.86,6.95,3,2.71,0.34
6/13/2020,USA-25025,Suffolk,Massachusetts,50,49.14,6.11,2,2.86,0.36
6/14/2020,USA-25025,Suffolk,Massachusetts,36,47.71,5.94,7,3.71,0.46
6/15/2020,USA-25025,Suffolk,Massachusetts,-1,47.71,5.94,1,2.86,0.36
6/16/2020,USA-25025,Suffolk,Massachusetts,33,48.57,6.04,1,2.43,0.3
6/17/2020,USA-25025,Suffolk,Massachusetts,67,52.57,6.54,7,3.29,0.41
6/18/2020,USA-25025,Suffolk,Massachusetts,43,54.14,6.73,4,3.57,0.44
6/19/2020,USA-25025,Suffolk,Massachusetts,16,42.71,5.31,8,4.29,0.53
6/20/2020,USA-25025,Suffolk,Massachusetts,35,40,4.98,2,4.29,0.53
6/21/2020,USA-25025,Suffolk,Massachusetts,23,36.14,4.5,5,4,0.5
6/22/2020,USA-25025,Suffolk,Massachusetts,16,33.29,4.14,1,4,0.5
6/23/2020,USA-25025,Suffolk,Massachusetts,34,33.43,4.16,-3,4,0.5
6/24/2020,USA-25025,Suffolk,Massachusetts,27,27.71,3.45,8,5,0.62
6/25/2020,USA-25025,Suffolk,Massachusetts,36,26.71,3.32,6,4.86,0.6
6/26/2020,USA-25025,Suffolk,Massachusetts,43,30.57,3.8,7,5.29,0.66
6/27/2020,USA-25025,Suffolk,Massachusetts,57,33.71,4.19,7,5.14,0.64
6/28/2020,USA-25025,Suffolk,Massachusetts,31,34.86,4.34,0,5.14,0.64
6/29/2020,USA-25025,Suffolk,Massachusetts,0,34.86,4.34,3,4.57,0.57
6/30/2020,USA-25025,Suffolk,Massachusetts,24,31.14,3.87,-5,4.57,0.57
7/1/2020,USA-25025,Suffolk,Massachusetts,34,32.14,4,2,4.71,0.59
7/2/2020,USA-25025,Suffolk,Massachusetts,39,32.57,4.05,4,4.14,0.52
7/3/2020,USA-25025,Suffolk,Massachusetts,44,32.71,4.07,1,3.43,0.43
7/4/2020,USA-25025,Suffolk,Massachusetts,36,29.71,3.7,-1,3.43,0.43
7/5/2020,USA-25025,Suffolk,Massachusetts,13,27.14,3.38,-1,3.43,0.43
7/6/2020,USA-25025,Suffolk,Massachusetts,29,27.38,3.41,1,2.57,0.32
7/7/2020,USA-25025,Suffolk,Massachusetts,34,32.71,4.07,0,2.57,0.32
7/8/2020,USA-25025,Suffolk,Massachusetts,72,38.14,4.74,4,1.88,0.23
7/9/2020,USA-25025,Suffolk,Massachusetts,52,40,4.98,1,1.86,0.23
7/10/2020,USA-25025,Suffolk,Massachusetts,56,41.71,5.19,3,2,0.25
7/11/2020,USA-25025,Suffolk,Massachusetts,44,42.86,5.33,2,1.71,0.21
7/12/2020,USA-25025,Suffolk,Massachusetts,29,45.14,5.62,2,1.86,0.23
7/13/2020,USA-25025,Suffolk,Massachusetts,41,46.86,5.83,0,1.86,0.23
7/14/2020,USA-25025,Suffolk,Massachusetts,44,48.29,6.01,2,1.75,0.22
7/15/2020,USA-25025,Suffolk,Massachusetts,25,41.57,5.17,2,1.71,0.21
7/16/2020,USA-25025,Suffolk,Massachusetts,34,39,4.85,3,2,0.25
7/17/2020,USA-25025,Suffolk,Massachusetts,54,38.71,4.82,3,2,0.25
7/18/2020,USA-25025,Suffolk,Massachusetts,56,40.43,5.03,5,2.43,0.3
7/19/2020,USA-25025,Suffolk,Massachusetts,46,42.86,5.33,0,2.43,0.3
7/20/2020,USA-25025,Suffolk,Massachusetts,20,39.86,4.96,0,2.43,0.3
7/21/2020,USA-25025,Suffolk,Massachusetts,29,37.71,4.69,4,2.43,0.3
7/22/2020,USA-25025,Suffolk,Massachusetts,28,38.14,4.74,0,2.43,0.3
7/23/2020,USA-25025,Suffolk,Massachusetts,54,41,5.1,3,2.14,0.27
7/24/2020,USA-25025,Suffolk,Massachusetts,61,42,5.22,2,2,0.25
7/25/2020,USA-25025,Suffolk,Massachusetts,34,38.86,4.83,2,1.57,0.2
7/26/2020,USA-25025,Suffolk,Massachusetts,69,42.14,5.24,2,1.63,0.2
7/27/2020,USA-25025,Suffolk,Massachusetts,18,41.86,5.21,0,1.63,0.2
7/28/2020,USA-25025,Suffolk,Massachusetts,46,44.29,5.51,4,1.86,0.23
7/29/2020,USA-25025,Suffolk,Massachusetts,70,50.29,6.26,2,1.88,0.23
7/30/2020,USA-25025,Suffolk,Massachusetts,83,54.43,6.77,1,1.86,0.23
7/31/2020,USA-25025,Suffolk,Massachusetts,109,61.29,7.62,0,1.86,0.23
8/1/2020,USA-25025,Suffolk,Massachusetts,57,64.57,8.03,2,1.57,0.2
8/2/2020,USA-25025,Suffolk,Massachusetts,76,65.57,8.16,1,1.43,0.18
8/3/2020,USA-25025,Suffolk,Massachusetts,23,66.29,8.25,1,1.38,0.17
8/4/2020,USA-25025,Suffolk,Massachusetts,103,74.43,9.26,3,1.43,0.18
8/5/2020,USA-25025,Suffolk,Massachusetts,98,78.43,9.76,1,1.29,0.16
8/6/2020,USA-25025,Suffolk,Massachusetts,52,74,9.21,3,1.57,0.2
8/7/2020,USA-25025,Suffolk,Massachusetts,86,70.71,8.8,5,2,0.25
8/8/2020,USA-25025,Suffolk,Massachusetts,61,71.29,8.87,2,2.29,0.28
8/9/2020,USA-25025,Suffolk,Massachusetts,71,70.57,8.78,1,2.29,0.28
8/10/2020,USA-25025,Suffolk,Massachusetts,80,78.71,9.79,0,2.29,0.28
8/11/2020,USA-25025,Suffolk,Massachusetts,88,76.57,9.52,2,2,0.25
8/12/2020,USA-25025,Suffolk,Massachusetts,0,76.57,9.52,0,2,0.25
8/13/2020,USA-25025,Suffolk,Massachusetts,0,76.57,9.52,0,2,0.25
8/14/2020,USA-25025,Suffolk,Massachusetts,0,76.57,9.52,0,2,0.25
8/15/2020,USA-25025,Suffolk,Massachusetts,0,76.57,9.52,0,2,0.25
8/16/2020,USA-25025,Suffolk,Massachusetts,0,76.57,9.52,0,2,0.25
8/17/2020,USA-25025,Suffolk,Massachusetts,0,76.57,9.52,0,2,0.25
8/18/2020,USA-25025,Suffolk,Massachusetts,0,0,0,0,0,0
8/19/2020,USA-25025,Suffolk,Massachusetts,494,70.57,8.78,14,2,0.25
8/20/2020,USA-25025,Suffolk,Massachusetts,66,80,9.95,1,2.14,0.27
8/21/2020,USA-25025,Suffolk,Massachusetts,117,96.71,12.03,1,2.29,0.28
8/22/2020,USA-25025,Suffolk,Massachusetts,12,98.43,12.24,1,2.43,0.3
8/23/2020,USA-25025,Suffolk,Massachusetts,0,98.43,12.24,0,2.43,0.3
8/24/2020,USA-25025,Suffolk,Massachusetts,198,126.71,15.76,2,2.71,0.34
8/25/2020,USA-25025,Suffolk,Massachusetts,69,136.57,16.99,2,3,0.37
8/26/2020,USA-25025,Suffolk,Massachusetts,91,79,9.83,4,1.57,0.2
8/27/2020,USA-25025,Suffolk,Massachusetts,90,82.43,10.25,4,2,0.25
8/28/2020,USA-25025,Suffolk,Massachusetts,107,81,10.08,1,2,0.25
8/29/2020,USA-25025,Suffolk,Massachusetts,89,92,11.44,1,2,0.25
8/30/2020,USA-25025,Suffolk,Massachusetts,53,87.13,10.84,0,2,0.25
8/31/2020,USA-25025,Suffolk,Massachusetts,69,81.14,10.09,2,2,0.25
9/1/2020,USA-25025,Suffolk,Massachusetts,80,82.71,10.29,1,1.86,0.23
9/2/2020,USA-25025,Suffolk,Massachusetts,-1044,82.71,10.29,-6,1.86,0.23
9/3/2020,USA-25025,Suffolk,Massachusetts,85,81.86,10.18,2,1.57,0.2
9/4/2020,USA-25025,Suffolk,Massachusetts,-64,81.86,10.18,1,1.14,0.14
9/5/2020,USA-25025,Suffolk,Massachusetts,94,82.43,10.25,3,1.43,0.18
9/6/2020,USA-25025,Suffolk,Massachusetts,74,77.71,9.67,0,1.43,0.18
9/7/2020,USA-25025,Suffolk,Massachusetts,59,73.43,9.13,1,1.25,0.16
9/8/2020,USA-25025,Suffolk,Massachusetts,32,70.43,8.76,0,1.25,0.16
9/9/2020,USA-25025,Suffolk,Massachusetts,43,66.71,8.3,0,1.25,0.16
9/10/2020,USA-25025,Suffolk,Massachusetts,89,68,8.46,2,1,0.12
9/11/2020,USA-25025,Suffolk,Massachusetts,108,71.29,8.87,1,1,0.12
9/12/2020,USA-25025,Suffolk,Massachusetts,102,72.43,9.01,2,0.86,0.11
9/13/2020,USA-25025,Suffolk,Massachusetts,64,71,8.83,0,0.86,0.11
9/14/2020,USA-25025,Suffolk,Massachusetts,42,68.57,8.53,3,1.14,0.14
9/15/2020,USA-25025,Suffolk,Massachusetts,70,74,9.21,1,1.13,0.14
9/16/2020,USA-25025,Suffolk,Massachusetts,65,77.14,9.6,2,1.22,0.15
9/17/2020,USA-25025,Suffolk,Massachusetts,93,77.71,9.67,0,1.22,0.15
9/18/2020,USA-25025,Suffolk,Massachusetts,88,74.86,9.31,2,1.43,0.18
9/19/2020,USA-25025,Suffolk,Massachusetts,122,77.71,9.67,4,1.71,0.21
9/20/2020,USA-25025,Suffolk,Massachusetts,67,78.14,9.72,3,1.88,0.23
9/21/2020,USA-25025,Suffolk,Massachusetts,57,80.29,9.99,0,1.88,0.23
9/22/2020,USA-25025,Suffolk,Massachusetts,24,73.71,9.17,0,1.88,0.23
9/23/2020,USA-25025,Suffolk,Massachusetts,69,74.29,9.24,0,1.88,0.23
9/24/2020,USA-25025,Suffolk,Massachusetts,97,74.86,9.31,1,1.25,0.16
9/25/2020,USA-25025,Suffolk,Massachusetts,101,76.71,9.54,1,1.29,0.16
9/26/2020,USA-25025,Suffolk,Massachusetts,88,71.86,8.94,1,0.86,0.11
9/27/2020,USA-25025,Suffolk,Massachusetts,104,77.14,9.6,1,0.57,0.07
9/28/2020,USA-25025,Suffolk,Massachusetts,79,80.29,9.99,0,0.57,0.07
9/29/2020,USA-25025,Suffolk,Massachusetts,66,86.29,10.73,0,0.57,0.07
9/30/2020,USA-25025,Suffolk,Massachusetts,53,84,10.45,2,0.6,0.07
10/1/2020,USA-25025,Suffolk,Massachusetts,143,90.57,11.27,5,1.43,0.18
10/2/2020,USA-25025,Suffolk,Massachusetts,142,96.43,11.99,0,1.43,0.18
10/3/2020,USA-25025,Suffolk,Massachusetts,107,99.14,12.33,0,1.43,0.18
10/4/2020,USA-25025,Suffolk,Massachusetts,116,100.86,12.55,0,1.43,0.18
10/5/2020,USA-25025,Suffolk,Massachusetts,65,98.86,12.3,0,1.43,0.18
10/6/2020,USA-25025,Suffolk,Massachusetts,65,98.71,12.28,0,1.43,0.18
10/7/2020,USA-25025,Suffolk,Massachusetts,83,103,12.81,1,0.86,0.11
10/8/2020,USA-25025,Suffolk,Massachusetts,73,93,11.57,0,0.86,0.11
10/9/2020,USA-25025,Suffolk,Massachusetts,109,88.29,10.98,1,0.25,0.03
10/10/2020,USA-25025,Suffolk,Massachusetts,115,89.43,11.12,1,0.33,0.04
10/11/2020,USA-25025,Suffolk,Massachusetts,65,82.14,10.22,2,0.5,0.06
10/12/2020,USA-25025,Suffolk,Massachusetts,140,92.86,11.55,0,0.5,0.06
10/13/2020,USA-25025,Suffolk,Massachusetts,122,101,12.56,1,0.5,0.06
10/14/2020,USA-25025,Suffolk,Massachusetts,72,99.43,12.37,2,1,0.12
10/15/2020,USA-25025,Suffolk,Massachusetts,116,105.57,13.13,3,1.25,0.16
10/16/2020,USA-25025,Suffolk,Massachusetts,148,111.14,13.83,2,1.57,0.2
10/17/2020,USA-25025,Suffolk,Massachusetts,90,107.57,13.38,1,1.57,0.2
10/18/2020,USA-25025,Suffolk,Massachusetts,133,117.29,14.59,0,1.57,0.2
10/19/2020,USA-25025,Suffolk,Massachusetts,163,120.57,15,4,1.63,0.2
10/20/2020,USA-25025,Suffolk,Massachusetts,117,119.86,14.91,1,1.86,0.23
10/21/2020,USA-25025,Suffolk,Massachusetts,124,127.29,15.83,2,1.86,0.23
10/22/2020,USA-25025,Suffolk,Massachusetts,167,134.57,16.74,3,1.86,0.23
10/23/2020,USA-25025,Suffolk,Massachusetts,226,145.71,18.13,2,1.86,0.23
10/24/2020,USA-25025,Suffolk,Massachusetts,166,156.57,19.48,0,1.86,0.23
10/25/2020,USA-25025,Suffolk,Massachusetts,225,169.71,21.11,1,1.63,0.2
10/26/2020,USA-25025,Suffolk,Massachusetts,252,182.43,22.69,2,1.57,0.2
10/27/2020,USA-25025,Suffolk,Massachusetts,169,189.86,23.62,0,1.57,0.2
10/28/2020,USA-25025,Suffolk,Massachusetts,160,195,24.26,2,1.43,0.18
10/29/2020,USA-25025,Suffolk,Massachusetts,248,206.57,25.7,4,1.57,0.2
10/30/2020,USA-25025,Suffolk,Massachusetts,260,211.43,26.3,3,1.71,0.21
10/31/2020,USA-25025,Suffolk,Massachusetts,191,215,26.74,1,1.63,0.2
11/1/2020,USA-25025,Suffolk,Massachusetts,180,208.57,25.94,2,2,0.25
11/2/2020,USA-25025,Suffolk,Massachusetts,135,191.86,23.87,1,1.86,0.23
11/3/2020,USA-25025,Suffolk,Massachusetts,103,182.43,22.69,0,1.86,0.23
11/4/2020,USA-25025,Suffolk,Massachusetts,205,188.86,23.49,3,2,0.25
11/5/2020,USA-25025,Suffolk,Massachusetts,252,189.43,23.56,2,1.71,0.21
11/6/2020,USA-25025,Suffolk,Massachusetts,336,200.29,24.91,2,1.57,0.2
11/7/2020,USA-25025,Suffolk,Massachusetts,297,215.43,26.8,2,1.71,0.21
11/8/2020,USA-25025,Suffolk,Massachusetts,318,235.14,29.25,5,2.14,0.27
11/9/2020,USA-25025,Suffolk,Massachusetts,180,241.57,30.05,3,2.43,0.3
11/10/2020,USA-25025,Suffolk,Massachusetts,301,269.86,33.57,0,2.43,0.3
11/11/2020,USA-25025,Suffolk,Massachusetts,296,282.86,35.19,0,2.43,0.3
11/12/2020,USA-25025,Suffolk,Massachusetts,337,295,36.7,2,2,0.25
11/13/2020,USA-25025,Suffolk,Massachusetts,397,303.71,37.78,1,1.86,0.23
11/14/2020,USA-25025,Suffolk,Massachusetts,373,314.57,39.13,1,1.71,0.21
11/15/2020,USA-25025,Suffolk,Massachusetts,231,302.14,37.58,3,1.43,0.18
11/16/2020,USA-25025,Suffolk,Massachusetts,314,321.29,39.97,1,1.14,0.14
11/17/2020,USA-25025,Suffolk,Massachusetts,260,315.43,39.24,1,1.13,0.14
11/18/2020,USA-25025,Suffolk,Massachusetts,329,320.14,39.82,5,1.56,0.19
11/19/2020,USA-25025,Suffolk,Massachusetts,299,314.71,39.15,3,2.14,0.27
11/20/2020,USA-25025,Suffolk,Massachusetts,276,297.43,37,6,2.86,0.36
11/21/2020,USA-25025,Suffolk,Massachusetts,314,289,35.95,0,2.86,0.36
11/22/2020,USA-25025,Suffolk,Massachusetts,286,296.86,36.93,1,2.43,0.3
11/23/2020,USA-25025,Suffolk,Massachusetts,254,288.29,35.86,2,2.57,0.32
11/24/2020,USA-25025,Suffolk,Massachusetts,238,285.14,35.47,1,2.57,0.32
11/25/2020,USA-25025,Suffolk,Massachusetts,325,284.57,35.4,3,2.29,0.28
11/26/2020,USA-25025,Suffolk,Massachusetts,0,284.57,35.4,0,2.29,0.28
11/27/2020,USA-25025,Suffolk,Massachusetts,589,286.57,35.65,3,1.43,0.18
11/28/2020,USA-25025,Suffolk,Massachusetts,240,276,34.33,5,1.88,0.23
11/29/2020,USA-25025,Suffolk,Massachusetts,320,280.86,34.94,7,3,0.37
11/30/2020,USA-25025,Suffolk,Massachusetts,123,262.14,32.61,2,3,0.37
12/1/2020,USA-25025,Suffolk,Massachusetts,359,279.43,34.76,2,3.14,0.39
12/2/2020,USA-25025,Suffolk,Massachusetts,503,304.86,37.92,6,3.57,0.44
12/3/2020,USA-25025,Suffolk,Massachusetts,827,370.13,46.04,5,3.75,0.47
12/4/2020,USA-25025,Suffolk,Massachusetts,712,440.57,54.8,5,4.57,0.57
12/5/2020,USA-25025,Suffolk,Massachusetts,685,504.14,62.71,7,4.86,0.6
12/6/2020,USA-25025,Suffolk,Massachusetts,601,544.29,67.71,2,4.14,0.52
12/7/2020,USA-25025,Suffolk,Massachusetts,336,574.71,71.49,1,4,0.5
12/8/2020,USA-25025,Suffolk,Massachusetts,505,595.57,74.08,2,4,0.5
12/9/2020,USA-25025,Suffolk,Massachusetts,549,602.14,74.9,10,4.57,0.57
12/10/2020,USA-25025,Suffolk,Massachusetts,631,574.14,71.42,3,4.29,0.53
12/11/2020,USA-25025,Suffolk,Massachusetts,729,576.57,71.72,3,4,0.5
12/12/2020,USA-25025,Suffolk,Massachusetts,590,563,70.03,2,3.29,0.41
12/13/2020,USA-25025,Suffolk,Massachusetts,645,569.29,70.81,2,3.29,0.41
12/14/2020,USA-25025,Suffolk,Massachusetts,557,600.86,74.74,0,3.29,0.41
12/15/2020,USA-25025,Suffolk,Massachusetts,454,593.57,73.84,8,4,0.5
12/16/2020,USA-25025,Suffolk,Massachusetts,723,618.43,76.93,3,3,0.37
12/17/2020,USA-25025,Suffolk,Massachusetts,648,620.86,77.23,1,2.71,0.34
12/18/2020,USA-25025,Suffolk,Massachusetts,688,615,76.5,0,2.71,0.34
12/19/2020,USA-25025,Suffolk,Massachusetts,480,599.29,74.55,2,2.29,0.28
12/20/2020,USA-25025,Suffolk,Massachusetts,473,574.71,71.49,3,2.43,0.3
12/21/2020,USA-25025,Suffolk,Massachusetts,428,556.29,69.2,5,2.75,0.34
12/22/2020,USA-25025,Suffolk,Massachusetts,436,553.71,68.88,5,2.71,0.34
12/23/2020,USA-25025,Suffolk,Massachusetts,514,523.86,65.16,7,3.29,0.41
12/24/2020,USA-25025,Suffolk,Massachusetts,621,520,64.68,9,4.43,0.55
12/25/2020,USA-25025,Suffolk,Massachusetts,0,520,64.68,0,4.43,0.55
12/26/2020,USA-25025,Suffolk,Massachusetts,1010,497.43,61.88,2,4.43,0.55
12/27/2020,USA-25025,Suffolk,Massachusetts,416,489.29,60.86,9,5.29,0.66
12/28/2020,USA-25025,Suffolk,Massachusetts,519,502.29,62.48,5,5.29,0.66
12/29/2020,USA-25025,Suffolk,Massachusetts,448,504,62.69,4,5.14,0.64
12/30/2020,USA-25025,Suffolk,Massachusetts,649,523.29,65.09,8,5.29,0.66
12/31/2020,USA-25025,Suffolk,Massachusetts,861,557.57,69.36,5,4.71,0.59
1/1/2021,USA-25025,Suffolk,Massachusetts,0,557.57,69.36,0,4.71,0.59
1/2/2021,USA-25025,Suffolk,Massachusetts,1019,558.86,69.52,3,4.86,0.6
1/3/2021,USA-25025,Suffolk,Massachusetts,350,549.43,68.34,5,4.29,0.53
1/4/2021,USA-25025,Suffolk,Massachusetts,506,547.57,68.11,5,4.29,0.53
1/5/2021,USA-25025,Suffolk,Massachusetts,480,552.14,68.68,8,4.86,0.6
1/6/2021,USA-25025,Suffolk,Massachusetts,831,578.14,71.92,6,4.57,0.57
1/7/2021,USA-25025,Suffolk,Massachusetts,929,587.86,73.13,5,4.57,0.57
1/8/2021,USA-25025,Suffolk,Massachusetts,969,635.5,79.05,6,4.75,0.59
1/9/2021,USA-25025,Suffolk,Massachusetts,862,703.86,87.55,3,5.43,0.68
1/10/2021,USA-25025,Suffolk,Massachusetts,676,750.43,93.35,11,6.29,0.78
1/11/2021,USA-25025,Suffolk,Massachusetts,544,755.86,94.02,4,6.14,0.76
1/12/2021,USA-25025,Suffolk,Massachusetts,519,761.43,94.72,9,6.29,0.78
1/13/2021,USA-25025,Suffolk,Massachusetts,575,724.86,90.17,9,6.71,0.84
1/14/2021,USA-25025,Suffolk,Massachusetts,656,685.86,85.32,11,7.57,0.94
1/15/2021,USA-25025,Suffolk,Massachusetts,686,645.43,80.29,6,7.57,0.94
1/16/2021,USA-25025,Suffolk,Massachusetts,709,623.57,77.57,13,9,1.12
1/17/2021,USA-25025,Suffolk,Massachusetts,531,602.86,74.99,3,7.86,0.98
1/18/2021,USA-25025,Suffolk,Massachusetts,406,583.14,72.54,6,8.14,1.01
1/19/2021,USA-25025,Suffolk,Massachusetts,262,546.43,67.97,3,7.29,0.91
1/20/2021,USA-25025,Suffolk,Massachusetts,400,521.43,64.86,8,7.14,0.89
1/21/2021,USA-25025,Suffolk,Massachusetts,538,504.57,62.76,8,6.71,0.84
1/22/2021,USA-25025,Suffolk,Massachusetts,725,510.14,63.46,2,6.14,0.76
1/23/2021,USA-25025,Suffolk,Massachusetts,497,479.86,59.69,11,5.86,0.73
1/24/2021,USA-25025,Suffolk,Massachusetts,573,485.86,60.44,6,6.29,0.78
1/25/2021,USA-25025,Suffolk,Massachusetts,464,494.14,61.47,5,6.14,0.76
1/26/2021,USA-25025,Suffolk,Massachusetts,217,487.71,60.67,5,6.43,0.8
1/27/2021,USA-25025,Suffolk,Massachusetts,402,488,60.7,6,6.14,0.76
1/28/2021,USA-25025,Suffolk,Massachusetts,516,484.86,60.31,7,6,0.75
1/29/2021,USA-25025,Suffolk,Massachusetts,314,426.14,53.01,8,6.86,0.85
1/30/2021,USA-25025,Suffolk,Massachusetts,547,433.29,53.9,5,6,0.75
1/31/2021,USA-25025,Suffolk,Massachusetts,338,399.71,49.72,2,5.43,0.68
2/1/2021,USA-25025,Suffolk,Massachusetts,272,372.29,46.31,3,5.14,0.64
2/2/2021,USA-25025,Suffolk,Massachusetts,193,368.86,45.88,2,4.71,0.59
2/3/2021,USA-25025,Suffolk,Massachusetts,225,343.57,42.74,4,4.43,0.55
2/4/2021,USA-25025,Suffolk,Massachusetts,341,318.57,39.63,9,4.71,0.59
2/5/2021,USA-25025,Suffolk,Massachusetts,388,329.14,40.94,7,4.57,0.57
2/6/2021,USA-25025,Suffolk,Massachusetts,377,304.86,37.92,4,4.43,0.55
2/7/2021,USA-25025,Suffolk,Massachusetts,395,313,38.93,5,4.86,0.6
2/8/2021,USA-25025,Suffolk,Massachusetts,164,297.57,37.02,6,5.29,0.66
2/9/2021,USA-25025,Suffolk,Massachusetts,146,290.86,36.18,3,5.43,0.68
2/10/2021,USA-25025,Suffolk,Massachusetts,231,291.71,36.29,11,6.43,0.8
2/11/2021,USA-25025,Suffolk,Massachusetts,339,291.43,36.25,10,6.57,0.82
2/12/2021,USA-25025,Suffolk,Massachusetts,276,275.43,34.26,6,6.43,0.8
2/13/2021,USA-25025,Suffolk,Massachusetts,246,256.71,31.93,9,7.14,0.89
2/14/2021,USA-25025,Suffolk,Massachusetts,245,235.29,29.27,4,7,0.87
2/15/2021,USA-25025,Suffolk,Massachusetts,202,240.71,29.94,5,6.86,0.85
2/16/2021,USA-25025,Suffolk,Massachusetts,106,235,29.23,3,6.86,0.85
2/17/2021,USA-25025,Suffolk,Massachusetts,133,221,27.49,5,6,0.75
2/18/2021,USA-25025,Suffolk,Massachusetts,259,209.57,26.07,7,5.57,0.69
2/19/2021,USA-25025,Suffolk,Massachusetts,232,203.29,25.29,0,5.57,0.69
2/20/2021,USA-25025,Suffolk,Massachusetts,253,204.29,25.41,2,3.71,0.46
2/21/2021,USA-25025,Suffolk,Massachusetts,167,193.14,24.03,5,3.86,0.48
2/22/2021,USA-25025,Suffolk,Massachusetts,157,186.71,23.23,1,3.29,0.41
2/23/2021,USA-25025,Suffolk,Massachusetts,127,189.71,23.6,3,3.29,0.41
2/24/2021,USA-25025,Suffolk,Massachusetts,245,205.71,25.59,4,3.14,0.39
2/25/2021,USA-25025,Suffolk,Massachusetts,253,204.86,25.48,4,2.71,0.34
2/26/2021,USA-25025,Suffolk,Massachusetts,262,209.14,26.02,2,2.63,0.33
2/27/2021,USA-25025,Suffolk,Massachusetts,233,206.29,25.66,6,3.57,0.44
2/28/2021,USA-25025,Suffolk,Massachusetts,213,212.86,26.48,4,3.43,0.43
3/1/2021,USA-25025,Suffolk,Massachusetts,208,220.14,27.38,3,3.71,0.46
3/2/2021,USA-25025,Suffolk,Massachusetts,-17,220.14,27.38,1,3.43,0.43
3/3/2021,USA-25025,Suffolk,Massachusetts,237,235.86,29.34,6,3.71,0.46
3/4/2021,USA-25025,Suffolk,Massachusetts,217,231.86,28.84,6,4,0.5
3/5/2021,USA-25025,Suffolk,Massachusetts,278,235.43,29.29,-1,4,0.5
3/6/2021,USA-25025,Suffolk,Massachusetts,220,229.43,28.54,6,4.57,0.57
3/7/2021,USA-25025,Suffolk,Massachusetts,177,221.43,27.54,2,4,0.5
3/8/2021,USA-25025,Suffolk,Massachusetts,127,209.14,26.02,0,4,0.5
3/9/2021,USA-25025,Suffolk,Massachusetts,111,195.29,24.29,1,3.14,0.39
3/10/2021,USA-25025,Suffolk,Massachusetts,191,188.71,23.47,8,4.14,0.52
3/11/2021,USA-25025,Suffolk,Massachusetts,205,187,23.26,9,4.57,0.57
3/12/2021,USA-25025,Suffolk,Massachusetts,219,178.57,22.21,3,4.14,0.52
3/13/2021,USA-25025,Suffolk,Massachusetts,205,176.43,21.95,6,4.14,0.52
3/14/2021,USA-25025,Suffolk,Massachusetts,231,184.14,22.91,2,4.14,0.52
3/15/2021,USA-25025,Suffolk,Massachusetts,116,182.57,22.71,3,4,0.5
3/16/2021,USA-25025,Suffolk,Massachusetts,90,179.57,22.34,0,4,0.5
3/17/2021,USA-25025,Suffolk,Massachusetts,201,181,22.52,6,4.14,0.52
3/18/2021,USA-25025,Suffolk,Massachusetts,226,184,22.89,2,3.14,0.39
3/19/2021,USA-25025,Suffolk,Massachusetts,238,186.71,23.23,2,3,0.37
3/20/2021,USA-25025,Suffolk,Massachusetts,237,191.29,23.79,1,2.29,0.28
3/21/2021,USA-25025,Suffolk,Massachusetts,211,188.43,23.44,5,2.71,0.34
3/22/2021,USA-25025,Suffolk,Massachusetts,154,193.86,24.11,1,2.43,0.3
3/23/2021,USA-25025,Suffolk,Massachusetts,115,197.43,24.56,2,2.38,0.3
3/24/2021,USA-25025,Suffolk,Massachusetts,216,199.57,24.83,2,2.14,0.27
3/25/2021,USA-25025,Suffolk,Massachusetts,333,214.86,26.73,0,2.14,0.27
3/26/2021,USA-25025,Suffolk,Massachusetts,338,229.14,28.5,3,2,0.25
3/27/2021,USA-25025,Suffolk,Massachusetts,343,244.29,30.39,5,2.57,0.32
3/28/2021,USA-25025,Suffolk,Massachusetts,258,251,31.22,2,2.14,0.27
3/29/2021,USA-25025,Suffolk,Massachusetts,226,261.29,32.5,1,2.14,0.27
3/30/2021,USA-25025,Suffolk,Massachusetts,211,275,34.21,0,2.14,0.27
3/31/2021,USA-25025,Suffolk,Massachusetts,247,279.43,34.76,4,2.14,0.27
4/1/2021,USA-25025,Suffolk,Massachusetts,390,287.57,35.77,3,2.25,0.28
4/2/2021,USA-25025,Suffolk,Massachusetts,370,292.14,36.34,3,2.57,0.32
4/3/2021,USA-25025,Suffolk,Massachusetts,330,290.29,36.11,1,2,0.25
4/4/2021,USA-25025,Suffolk,Massachusetts,0,290.29,36.11,0,2,0.25
4/5/2021,USA-25025,Suffolk,Massachusetts,408,279.43,34.76,4,2.14,0.27
4/6/2021,USA-25025,Suffolk,Massachusetts,221,280.86,34.94,2,2.13,0.26
4/7/2021,USA-25025,Suffolk,Massachusetts,334,293.29,36.48,0,2.13,0.26
4/8/2021,USA-25025,Suffolk,Massachusetts,258,274.43,34.14,0,2.13,0.26
4/9/2021,USA-25025,Suffolk,Massachusetts,317,266.86,33.2,1,1.14,0.14
4/10/2021,USA-25025,Suffolk,Massachusetts,309,263.86,32.82,0,1.14,0.14
4/11/2021,USA-25025,Suffolk,Massachusetts,199,255.75,31.81,0,1.14,0.14
4/12/2021,USA-25025,Suffolk,Massachusetts,183,260.14,32.36,2,0.71,0.09
4/13/2021,USA-25025,Suffolk,Massachusetts,151,250.14,31.12,0,0.71,0.09
4/14/2021,USA-25025,Suffolk,Massachusetts,224,234.43,29.16,3,0.75,0.09
4/15/2021,USA-25025,Suffolk,Massachusetts,248,233,28.98,1,0.78,0.1
4/16/2021,USA-25025,Suffolk,Massachusetts,232,220.86,27.47,0,0.78,0.1
4/17/2021,USA-25025,Suffolk,Massachusetts,230,209.57,26.07,0,0.78,0.1
4/18/2021,USA-25025,Suffolk,Massachusetts,163,204.43,25.43,1,0.78,0.1
4/19/2021,USA-25025,Suffolk,Massachusetts,166,202,25.13,1,0.86,0.11
4/20/2021,USA-25025,Suffolk,Massachusetts,63,189.43,23.56,0,0.86,0.11
4/21/2021,USA-25025,Suffolk,Massachusetts,163,180.71,22.48,0,0.86,0.11
4/22/2021,USA-25025,Suffolk,Massachusetts,179,170.86,21.25,1,0.43,0.05
4/23/2021,USA-25025,Suffolk,Massachusetts,173,162.43,20.2,0,0.43,0.05
4/24/2021,USA-25025,Suffolk,Massachusetts,154,151.57,18.85,0,0.43,0.05
4/25/2021,USA-25025,Suffolk,Massachusetts,134,147.43,18.34,0,0.43,0.05
4/26/2021,USA-25025,Suffolk,Massachusetts,111,139.57,17.36,1,0.29,0.04
4/27/2021,USA-25025,Suffolk,Massachusetts,92,143.71,17.88,1,0.38,0.05
4/28/2021,USA-25025,Suffolk,Massachusetts,137,140,17.41,0,0.38,0.05
4/29/2021,USA-25025,Suffolk,Massachusetts,151,136,16.92,1,0.43,0.05
4/30/2021,USA-25025,Suffolk,Massachusetts,135,130.57,16.24,3,0.75,0.09
5/1/2021,USA-25025,Suffolk,Massachusetts,117,125.29,15.58,2,0.89,0.11
5/2/2021,USA-25025,Suffolk,Massachusetts,99,120.29,14.96,1,0.9,0.11
5/3/2021,USA-25025,Suffolk,Massachusetts,51,111.71,13.9,0,0.9,0.11
5/4/2021,USA-25025,Suffolk,Massachusetts,78,109.71,13.65,0,0.9,0.11
5/5/2021,USA-25025,Suffolk,Massachusetts,105,105.14,13.08,0,0.9,0.11
5/6/2021,USA-25025,Suffolk,Massachusetts,118,100.43,12.49,0,0.9,0.11
5/7/2021,USA-25025,Suffolk,Massachusetts,106,96.29,11.98,0,0.9,0.11
5/8/2021,USA-25025,Suffolk,Massachusetts,105,94.57,11.76,2,0.43,0.05
5/9/2021,USA-25025,Suffolk,Massachusetts,77,91.43,11.37,0,0.43,0.05
5/10/2021,USA-25025,Suffolk,Massachusetts,40,89.86,11.18,1,0.38,0.05
5/11/2021,USA-25025,Suffolk,Massachusetts,25,82.29,10.24,0,0.38,0.05
5/12/2021,USA-25025,Suffolk,Massachusetts,118,84.14,10.47,3,0.6,0.07
5/13/2021,USA-25025,Suffolk,Massachusetts,87,79.71,9.92,1,0.64,0.08
5/14/2021,USA-25025,Suffolk,Massachusetts,38,70,8.71,2,0.75,0.09
5/15/2021,USA-25025,Suffolk,Massachusetts,102,69.57,8.65,1,1.14,0.14
5/16/2021,USA-25025,Suffolk,Massachusetts,55,66.43,8.26,1,1.13,0.14
5/17/2021,USA-25025,Suffolk,Massachusetts,36,65.86,8.19,3,1.57,0.2
5/18/2021,USA-25025,Suffolk,Massachusetts,36,67.43,8.39,0,1.57,0.2
5/19/2021,USA-25025,Suffolk,Massachusetts,49,57.57,7.16,0,1.57,0.2
5/20/2021,USA-25025,Suffolk,Massachusetts,65,54.43,6.77,-1,1.57,0.2
5/21/2021,USA-25025,Suffolk,Massachusetts,58,57.29,7.13,0,1.57,0.2
5/22/2021,USA-25025,Suffolk,Massachusetts,63,51.71,6.43,0,1.57,0.2
5/23/2021,USA-25025,Suffolk,Massachusetts,30,48.14,5.99,0,1.57,0.2
5/24/2021,USA-25025,Suffolk,Massachusetts,27,46.86,5.83,1,0.57,0.07
5/25/2021,USA-25025,Suffolk,Massachusetts,15,43.86,5.46,0,0.57,0.07
5/26/2021,USA-25025,Suffolk,Massachusetts,54,44.57,5.54,1,0.25,0.03
5/27/2021,USA-25025,Suffolk,Massachusetts,34,40.14,4.99,0,0.25,0.03
5/28/2021,USA-25025,Suffolk,Massachusetts,46,38.43,4.78,1,0.3,0.04
5/29/2021,USA-25025,Suffolk,Massachusetts,30,33.71,4.19,2,0.45,0.06
5/30/2021,USA-25025,Suffolk,Massachusetts,8,30.57,3.8,0,0.45,0.06
5/31/2021,USA-25025,Suffolk,Massachusetts,0,30.57,3.8,0,0.45,0.06
6/1/2021,USA-25025,Suffolk,Massachusetts,20,27.43,3.41,0,0.45,0.06
6/2/2021,USA-25025,Suffolk,Massachusetts,6,20.57,2.56,0,0.45,0.06
6/3/2021,USA-25025,Suffolk,Massachusetts,31,20.14,2.51,0,0.45,0.06
6/4/2021,USA-25025,Suffolk,Massachusetts,31,18,2.24,3,0.71,0.09
6/5/2021,USA-25025,Suffolk,Massachusetts,35,18.71,2.33,1,0.57,0.07
6/6/2021,USA-25025,Suffolk,Massachusetts,28,21.57,2.68,0,0.57,0.07
6/7/2021,USA-25025,Suffolk,Massachusetts,23,21.75,2.71,0,0.57,0.07
6/8/2021,USA-25025,Suffolk,Massachusetts,8,23.14,2.88,0,0.57,0.07
6/9/2021,USA-25025,Suffolk,Massachusetts,23,25.57,3.18,0,0.57,0.07
6/10/2021,USA-25025,Suffolk,Massachusetts,10,22.57,2.81,2,0.5,0.06
6/11/2021,USA-25025,Suffolk,Massachusetts,25,21.71,2.7,0,0.5,0.06
6/12/2021,USA-25025,Suffolk,Massachusetts,6,17.57,2.19,1,0.43,0.05
6/13/2021,USA-25025,Suffolk,Massachusetts,2,13.86,1.72,0,0.43,0.05
6/14/2021,USA-25025,Suffolk,Massachusetts,11,12.14,1.51,0,0.43,0.05
6/15/2021,USA-25025,Suffolk,Massachusetts,9,12.29,1.53,0,0.43,0.05
6/16/2021,USA-25025,Suffolk,Massachusetts,8,10.14,1.26,0,0.43,0.05
6/17/2021,USA-25025,Suffolk,Massachusetts,9,10,1.24,0,0.43,0.05
6/18/2021,USA-25025,Suffolk,Massachusetts,11,8,1,0,0.43,0.05
6/19/2021,USA-25025,Suffolk,Massachusetts,12,8.86,1.1,1,0.14,0.02
6/20/2021,USA-25025,Suffolk,Massachusetts,6,9.43,1.17,1,0.25,0.03
6/21/2021,USA-25025,Suffolk,Massachusetts,3,8.29,1.03,0,0.25,0.03
6/22/2021,USA-25025,Suffolk,Massachusetts,8,8.14,1.01,0,0.25,0.03
6/23/2021,USA-25025,Suffolk,Massachusetts,10,8.43,1.05,0,0.25,0.03
6/24/2021,USA-25025,Suffolk,Massachusetts,13,9,1.12,0,0.25,0.03
6/25/2021,USA-25025,Suffolk,Massachusetts,11,9,1.12,0,0.25,0.03
6/26/2021,USA-25025,Suffolk,Massachusetts,12,9,1.12,0,0.25,0.03
6/27/2021,USA-25025,Suffolk,Massachusetts,5,8.86,1.1,0,0,0
6/28/2021,USA-25025,Suffolk,Massachusetts,9,9.71,1.21,1,0.14,0.02
6/29/2021,USA-25025,Suffolk,Massachusetts,6,9.43,1.17,0,0.14,0.02
6/30/2021,USA-25025,Suffolk,Massachusetts,12,9.71,1.21,0,0.14,0.02
7/1/2021,USA-25025,Suffolk,Massachusetts,13,9.71,1.21,1,0.29,0.04
7/2/2021,USA-25025,Suffolk,Massachusetts,13,10,1.24,0,0.29,0.04
7/3/2021,USA-25025,Suffolk,Massachusetts,0,10,1.24,0,0.29,0.04
7/4/2021,USA-25025,Suffolk,Massachusetts,0,10,1.24,0,0.29,0.04
7/5/2021,USA-25025,Suffolk,Massachusetts,0,10,1.24,0,0.29,0.04
7/6/2021,USA-25025,Suffolk,Massachusetts,27,9.29,1.16,1,0.25,0.03
7/7/2021,USA-25025,Suffolk,Massachusetts,7,8.57,1.07,0,0.25,0.03
7/8/2021,USA-25025,Suffolk,Massachusetts,12,8.43,1.05,1,0.29,0.04
7/9/2021,USA-25025,Suffolk,Massachusetts,21,9.57,1.19,1,0.38,0.05
7/10/2021,USA-25025,Suffolk,Massachusetts,0,9.57,1.19,0,0.38,0.05
7/11/2021,USA-25025,Suffolk,Massachusetts,0,9.57,1.19,0,0.38,0.05
7/12/2021,USA-25025,Suffolk,Massachusetts,52,11.9,1.48,-1,0.38,0.05
7/13/2021,USA-25025,Suffolk,Massachusetts,31,17.57,2.19,0,0.38,0.05
7/14/2021,USA-25025,Suffolk,Massachusetts,36,21.71,2.7,0,0.38,0.05
7/15/2021,USA-25025,Suffolk,Massachusetts,41,25.86,3.22,0,0.38,0.05
7/16/2021,USA-25025,Suffolk,Massachusetts,55,30.71,3.82,0,0.38,0.05
7/17/2021,USA-25025,Suffolk,Massachusetts,0,30.71,3.82,0,0,0
7/18/2021,USA-25025,Suffolk,Massachusetts,0,30.71,3.82,0,0,0
7/19/2021,USA-25025,Suffolk,Massachusetts,114,39.57,4.92,1,0.14,0.02
7/20/2021,USA-25025,Suffolk,Massachusetts,52,42.57,5.3,1,0.29,0.04
7/21/2021,USA-25025,Suffolk,Massachusetts,68,47.14,5.86,-1,0.29,0.04
7/22/2021,USA-25025,Suffolk,Massachusetts,79,52.57,6.54,1,0.43,0.05
7/23/2021,USA-25025,Suffolk,Massachusetts,100,59,7.34,0,0.43,0.05
7/24/2021,USA-25025,Suffolk,Massachusetts,0,59,7.34,0,0.43,0.05
7/25/2021,USA-25025,Suffolk,Massachusetts,0,59,7.34,0,0.43,0.05
7/26/2021,USA-25025,Suffolk,Massachusetts,202,71.57,8.9,0,0.43,0.05
7/27/2021,USA-25025,Suffolk,Massachusetts,85,76.29,9.49,2,0.57,0.07
7/28/2021,USA-25025,Suffolk,Massachusetts,84,78.57,9.77,0,0.57,0.07
7/29/2021,USA-25025,Suffolk,Massachusetts,98,81.29,10.11,2,0.57,0.07
7/30/2021,USA-25025,Suffolk,Massachusetts,125,84.86,10.56,0,0.57,0.07
7/31/2021,USA-25025,Suffolk,Massachusetts,0,84.86,10.56,0,0.57,0.07
8/1/2021,USA-25025,Suffolk,Massachusetts,0,84.86,10.56,0,0.57,0.07
8/2/2021,USA-25025,Suffolk,Massachusetts,296,98.29,12.23,1,0.45,0.06
8/3/2021,USA-25025,Suffolk,Massachusetts,114,102.43,12.74,0,0.45,0.06
8/4/2021,USA-25025,Suffolk,Massachusetts,137,110,13.68,0,0.45,0.06
8/5/2021,USA-25025,Suffolk,Massachusetts,177,121.29,15.09,0,0.45,0.06
8/6/2021,USA-25025,Suffolk,Massachusetts,149,124.71,15.51,0,0.45,0.06
8/7/2021,USA-25025,Suffolk,Massachusetts,0,124.71,15.51,0,0.45,0.06
8/8/2021,USA-25025,Suffolk,Massachusetts,0,124.71,15.51,0,0.45,0.06
8/9/2021,USA-25025,Suffolk,Massachusetts,360,133.86,16.65,0,0,0
8/10/2021,USA-25025,Suffolk,Massachusetts,147,138.57,17.24,1,0.14,0.02
8/11/2021,USA-25025,Suffolk,Massachusetts,158,141.57,17.61,1,0.29,0.04
8/12/2021,USA-25025,Suffolk,Massachusetts,181,142.14,17.68,1,0.43,0.05
8/13/2021,USA-25025,Suffolk,Massachusetts,155,143,17.79,1,0.57,0.07
8/14/2021,USA-25025,Suffolk,Massachusetts,0,143,17.79,0,0.57,0.07
8/15/2021,USA-25025,Suffolk,Massachusetts,0,143,17.79,0,0.57,0.07
8/16/2021,USA-25025,Suffolk,Massachusetts,375,145.14,18.05,0,0.57,0.07
8/17/2021,USA-25025,Suffolk,Massachusetts,117,140.86,17.52,1,0.57,0.07
8/18/2021,USA-25025,Suffolk,Massachusetts,158,140.86,17.52,0,0.57,0.07
8/19/2021,USA-25025,Suffolk,Massachusetts,205,144.29,17.95,0,0.57,0.07
8/20/2021,USA-25025,Suffolk,Massachusetts,206,151.57,18.85,1,0.29,0.04
8/21/2021,USA-25025,Suffolk,Massachusetts,0,151.57,18.85,0,0.29,0.04
8/22/2021,USA-25025,Suffolk,Massachusetts,0,151.57,18.85,0,0.29,0.04
8/23/2021,USA-25025,Suffolk,Massachusetts,396,154.57,19.23,0,0.29,0.04
8/24/2021,USA-25025,Suffolk,Massachusetts,130,156.43,19.46,1,0.29,0.04
8/25/2021,USA-25025,Suffolk,Massachusetts,146,154.71,19.25,0,0.29,0.04
8/26/2021,USA-25025,Suffolk,Massachusetts,229,158.14,19.67,1,0.33,0.04
8/27/2021,USA-25025,Suffolk,Massachusetts,174,153.57,19.1,1,0.43,0.05
8/28/2021,USA-25025,Suffolk,Massachusetts,0,153.57,19.1,0,0.43,0.05
8/29/2021,USA-25025,Suffolk,Massachusetts,0,153.57,19.1,0,0.43,0.05
8/30/2021,USA-25025,Suffolk,Massachusetts,474,164.71,20.49,0,0.43,0.05
8/31/2021,USA-25025,Suffolk,Massachusetts,168,170.14,21.16,0,0.43,0.05
9/1/2021,USA-25025,Suffolk,Massachusetts,192,176.71,21.98,0,0.43,0.05
9/2/2021,USA-25025,Suffolk,Massachusetts,180,169.71,21.11,2,0.43,0.05
9/3/2021,USA-25025,Suffolk,Massachusetts,214,175.43,21.82,2,0.57,0.07
9/4/2021,USA-25025,Suffolk,Massachusetts,0,175.43,21.82,0,0.57,0.07
9/5/2021,USA-25025,Suffolk,Massachusetts,0,175.43,21.82,0,0.57,0.07
9/6/2021,USA-25025,Suffolk,Massachusetts,0,175.43,21.82,0,0.57,0.07
9/7/2021,USA-25025,Suffolk,Massachusetts,583,167,20.77,1,0.45,0.06
9/8/2021,USA-25025,Suffolk,Massachusetts,104,154.43,19.21,1,0.5,0.06
9/9/2021,USA-25025,Suffolk,Massachusetts,227,161.14,20.04,0,0.5,0.06
9/10/2021,USA-25025,Suffolk,Massachusetts,199,159,19.78,0,0.5,0.06
9/11/2021,USA-25025,Suffolk,Massachusetts,0,159,19.78,0,0.5,0.06
9/12/2021,USA-25025,Suffolk,Massachusetts,0,159,19.78,0,0.5,0.06
9/13/2021,USA-25025,Suffolk,Massachusetts,655,176.8,21.99,0,0.5,0.06
9/14/2021,USA-25025,Suffolk,Massachusetts,167,193.14,24.03,1,0.29,0.04
9/15/2021,USA-25025,Suffolk,Massachusetts,280,218.29,27.15,1,0.29,0.04
9/16/2021,USA-25025,Suffolk,Massachusetts,236,219.57,27.31,1,0.38,0.05
9/17/2021,USA-25025,Suffolk,Massachusetts,216,222,27.62,2,0.56,0.07
9/18/2021,USA-25025,Suffolk,Massachusetts,0,222,27.62,0,0.56,0.07
9/19/2021,USA-25025,Suffolk,Massachusetts,0,222,27.62,0,0.56,0.07
9/20/2021,USA-25025,Suffolk,Massachusetts,519,202.57,25.2,1,0.5,0.06
9/21/2021,USA-25025,Suffolk,Massachusetts,117,195.43,24.31,0,0.5,0.06
9/22/2021,USA-25025,Suffolk,Massachusetts,168,179.43,22.32,2,0.86,0.11
9/23/2021,USA-25025,Suffolk,Massachusetts,180,171.43,21.32,1,0.86,0.11
9/24/2021,USA-25025,Suffolk,Massachusetts,184,166.86,20.76,1,0.71,0.09
9/25/2021,USA-25025,Suffolk,Massachusetts,0,166.86,20.76,0,0.71,0.09
9/26/2021,USA-25025,Suffolk,Massachusetts,0,166.86,20.76,0,0.71,0.09
9/27/2021,USA-25025,Suffolk,Massachusetts,417,152.29,18.94,0,0.71,0.09
9/28/2021,USA-25025,Suffolk,Massachusetts,110,151.29,18.82,3,0.88,0.11
9/29/2021,USA-25025,Suffolk,Massachusetts,121,144.57,17.98,2,1,0.12
9/30/2021,USA-25025,Suffolk,Massachusetts,142,139.14,17.31,2,1.14,0.14
10/1/2021,USA-25025,Suffolk,Massachusetts,143,133.29,16.58,2,1.29,0.16
10/2/2021,USA-25025,Suffolk,Massachusetts,0,133.29,16.58,0,1.29,0.16
10/3/2021,USA-25025,Suffolk,Massachusetts,0,133.29,16.58,0,1.29,0.16
10/4/2021,USA-25025,Suffolk,Massachusetts,333,121.29,15.09,1,1,0.12
10/5/2021,USA-25025,Suffolk,Massachusetts,128,123.86,15.41,0,1,0.12
10/6/2021,USA-25025,Suffolk,Massachusetts,118,123.43,15.35,2,1,0.12
10/7/2021,USA-25025,Suffolk,Massachusetts,158,125.71,15.64,4,1.29,0.16
10/8/2021,USA-25025,Suffolk,Massachusetts,152,127,15.8,2,1.29,0.16
10/9/2021,USA-25025,Suffolk,Massachusetts,0,127,15.8,0,1.29,0.16
10/10/2021,USA-25025,Suffolk,Massachusetts,0,127,15.8,0,1.29,0.16
10/11/2021,USA-25025,Suffolk,Massachusetts,0,127,15.8,0,1.29,0.16
10/12/2021,USA-25025,Suffolk,Massachusetts,422,121.43,15.1,4,1.5,0.19
10/13/2021,USA-25025,Suffolk,Massachusetts,111,120.43,14.98,1,1.57,0.2
10/14/2021,USA-25025,Suffolk,Massachusetts,160,120.71,15.02,0,1.57,0.2
10/15/2021,USA-25025,Suffolk,Massachusetts,119,116,14.43,2,1,0.12
10/16/2021,USA-25025,Suffolk,Massachusetts,0,116,14.43,0,1,0.12
10/17/2021,USA-25025,Suffolk,Massachusetts,0,116,14.43,0,1,0.12
10/18/2021,USA-25025,Suffolk,Massachusetts,288,110,13.68,4,1.1,0.14
10/19/2021,USA-25025,Suffolk,Massachusetts,156,119.14,14.82,0,1.1,0.14
10/20/2021,USA-25025,Suffolk,Massachusetts,99,117.43,14.61,1,1,0.12
10/21/2021,USA-25025,Suffolk,Massachusetts,140,114.57,14.25,0,1,0.12
10/22/2021,USA-25025,Suffolk,Massachusetts,127,115.71,14.39,1,0.86,0.11
10/23/2021,USA-25025,Suffolk,Massachusetts,0,115.71,14.39,0,0.86,0.11
10/24/2021,USA-25025,Suffolk,Massachusetts,0,115.71,14.39,0,0.86,0.11
10/25/2021,USA-25025,Suffolk,Massachusetts,234,108,13.43,1,0.43,0.05
10/26/2021,USA-25025,Suffolk,Massachusetts,145,106.43,13.24,3,0.75,0.09
10/27/2021,USA-25025,Suffolk,Massachusetts,104,107.14,13.33,0,0.75,0.09
10/28/2021,USA-25025,Suffolk,Massachusetts,139,107,13.31,1,0.75,0.09
10/29/2021,USA-25025,Suffolk,Massachusetts,138,108.57,13.51,1,0.86,0.11
10/30/2021,USA-25025,Suffolk,Massachusetts,0,108.57,13.51,0,0.86,0.11
10/31/2021,USA-25025,Suffolk,Massachusetts,0,108.57,13.51,0,0.86,0.11
11/1/2021,USA-25025,Suffolk,Massachusetts,331,122.43,15.23,0,0.86,0.11
11/2/2021,USA-25025,Suffolk,Massachusetts,88,114.29,14.22,1,0.43,0.05
11/3/2021,USA-25025,Suffolk,Massachusetts,80,110.86,13.79,0,0.43,0.05
11/4/2021,USA-25025,Suffolk,Massachusetts,188,117.86,14.66,2,0.57,0.07
11/5/2021,USA-25025,Suffolk,Massachusetts,190,125.29,15.58,1,0.57,0.07
11/6/2021,USA-25025,Suffolk,Massachusetts,0,125.29,15.58,0,0.57,0.07
11/7/2021,USA-25025,Suffolk,Massachusetts,0,125.29,15.58,0,0.57,0.07
11/8/2021,USA-25025,Suffolk,Massachusetts,368,130.57,16.24,1,0.5,0.06
11/9/2021,USA-25025,Suffolk,Massachusetts,118,134.86,16.78,1,0.71,0.09
11/10/2021,USA-25025,Suffolk,Massachusetts,130,142,17.66,3,1,0.12
11/11/2021,USA-25025,Suffolk,Massachusetts,0,142,17.66,0,1,0.12
11/12/2021,USA-25025,Suffolk,Massachusetts,378,142,17.66,-1,1,0.12
11/13/2021,USA-25025,Suffolk,Massachusetts,0,142,17.66,0,1,0.12
11/14/2021,USA-25025,Suffolk,Massachusetts,0,142,17.66,0,1,0.12
11/15/2021,USA-25025,Suffolk,Massachusetts,486,158.86,19.76,2,0.78,0.1
11/16/2021,USA-25025,Suffolk,Massachusetts,138,161.71,20.12,2,1.14,0.14
11/17/2021,USA-25025,Suffolk,Massachusetts,222,174.86,21.75,0,1.14,0.14
11/18/2021,USA-25025,Suffolk,Massachusetts,309,191.63,23.84,0,1.14,0.14
11/19/2021,USA-25025,Suffolk,Massachusetts,273,204,25.38,2,0.75,0.09
11/20/2021,USA-25025,Suffolk,Massachusetts,0,204,25.38,0,0.75,0.09
11/21/2021,USA-25025,Suffolk,Massachusetts,0,204,25.38,0,0.75,0.09
11/22/2021,USA-25025,Suffolk,Massachusetts,624,223.71,27.83,-1,0.75,0.09
11/23/2021,USA-25025,Suffolk,Massachusetts,152,225.71,28.08,2,0.86,0.11
11/24/2021,USA-25025,Suffolk,Massachusetts,232,227.14,28.25,1,0.71,0.09
11/25/2021,USA-25025,Suffolk,Massachusetts,0,227.14,28.25,0,0.71,0.09
11/26/2021,USA-25025,Suffolk,Massachusetts,445,207.57,25.82,1,0.67,0.08
11/27/2021,USA-25025,Suffolk,Massachusetts,0,207.57,25.82,0,0.67,0.08
11/28/2021,USA-25025,Suffolk,Massachusetts,0,207.57,25.82,0,0.67,0.08
11/29/2021,USA-25025,Suffolk,Massachusetts,425,179.14,22.28,3,0.78,0.1
11/30/2021,USA-25025,Suffolk,Massachusetts,208,187.14,23.28,1,0.86,0.11
12/1/2021,USA-25025,Suffolk,Massachusetts,346,203.43,25.3,1,0.86,0.11
12/2/2021,USA-25025,Suffolk,Massachusetts,456,235,29.23,1,0.88,0.11
12/3/2021,USA-25025,Suffolk,Massachusetts,470,272.14,33.85,2,1.14,0.14
12/4/2021,USA-25025,Suffolk,Massachusetts,0,272.14,33.85,0,1.14,0.14
12/5/2021,USA-25025,Suffolk,Massachusetts,0,272.14,33.85,0,1.14,0.14
12/6/2021,USA-25025,Suffolk,Massachusetts,1039,359.86,44.76,0,1.14,0.14
12/7/2021,USA-25025,Suffolk,Massachusetts,440,393,48.89,1,0.71,0.09
12/8/2021,USA-25025,Suffolk,Massachusetts,451,408,50.75,0,0.71,0.09
12/9/2021,USA-25025,Suffolk,Massachusetts,486,412.29,51.29,4,1,0.12
12/10/2021,USA-25025,Suffolk,Massachusetts,509,417.86,51.98,2,1,0.12
12/11/2021,USA-25025,Suffolk,Massachusetts,0,417.86,51.98,0,1,0.12
12/12/2021,USA-25025,Suffolk,Massachusetts,0,417.86,51.98,0,1,0.12
12/13/2021,USA-25025,Suffolk,Massachusetts,1064,421.43,52.42,3,1,0.12
12/14/2021,USA-25025,Suffolk,Massachusetts,332,406,50.5,3,1.71,0.21
12/15/2021,USA-25025,Suffolk,Massachusetts,532,417.57,51.94,3,1.88,0.23
12/16/2021,USA-25025,Suffolk,Massachusetts,806,463.29,57.63,5,2.29,0.28
12/17/2021,USA-25025,Suffolk,Massachusetts,766,500,62.2,4,2.57,0.32
12/18/2021,USA-25025,Suffolk,Massachusetts,0,500,62.2,0,2.57,0.32
12/19/2021,USA-25025,Suffolk,Massachusetts,0,500,62.2,0,2.57,0.32
12/20/2021,USA-25025,Suffolk,Massachusetts,1801,605.29,75.29,2,2.43,0.3
12/21/2021,USA-25025,Suffolk,Massachusetts,831,676.57,84.16,2,2.29,0.28
12/22/2021,USA-25025,Suffolk,Massachusetts,1133,762.43,94.84,2,2.14,0.27
12/23/2021,USA-25025,Suffolk,Massachusetts,1393,846.29,105.27,6,2.29,0.28
12/24/2021,USA-25025,Suffolk,Massachusetts,1649,972.43,120.96,3,2.14,0.27
12/25/2021,USA-25025,Suffolk,Massachusetts,0,972.43,120.96,0,2.14,0.27
12/26/2021,USA-25025,Suffolk,Massachusetts,0,972.43,120.96,0,2.14,0.27
12/27/2021,USA-25025,Suffolk,Massachusetts,2082,1012.57,125.96,0,2.14,0.27
12/28/2021,USA-25025,Suffolk,Massachusetts,1242,1071.29,133.26,4,2.14,0.27
12/29/2021,USA-25025,Suffolk,Massachusetts,2354,1245.71,154.96,3,2.29,0.28
12/30/2021,USA-25025,Suffolk,Massachusetts,3231,1508.29,187.62,3,1.86,0.23
12/31/2021,USA-25025,Suffolk,Massachusetts,3168,1725.29,214.61,5,2.14,0.27
1/1/2022,USA-25025,Suffolk,Massachusetts,0,1725.29,214.61,0,2.14,0.27
1/2/2022,USA-25025,Suffolk,Massachusetts,0,1725.29,214.61,0,2.14,0.27
1/3/2022,USA-25025,Suffolk,Massachusetts,5432,2203.86,274.14,0,2.14,0.27
1/4/2022,USA-25025,Suffolk,Massachusetts,2127,2330.29,289.87,10,3,0.37
1/5/2022,USA-25025,Suffolk,Massachusetts,3783,2534.43,315.26,4,3.14,0.39
1/6/2022,USA-25025,Suffolk,Massachusetts,3545,2579.29,320.84,3,3.14,0.39
1/7/2022,USA-25025,Suffolk,Massachusetts,4407,2756.29,342.86,4,3,0.37
1/8/2022,USA-25025,Suffolk,Massachusetts,0,2756.29,342.86,0,3,0.37
1/9/2022,USA-25025,Suffolk,Massachusetts,0,2756.29,342.86,0,3,0.37
1/10/2022,USA-25025,Suffolk,Massachusetts,9022,3269.14,406.66,7,2.8,0.35
1/11/2022,USA-25025,Suffolk,Massachusetts,2747,3357.71,417.67,11,4.14,0.52
1/12/2022,USA-25025,Suffolk,Massachusetts,3153,3267.71,406.48,10,5,0.62
1/13/2022,USA-25025,Suffolk,Massachusetts,2283,3087.43,384.05,2,4.86,0.6
1/14/2022,USA-25025,Suffolk,Massachusetts,1765,2710,337.1,4,4.86,0.6
1/15/2022,USA-25025,Suffolk,Massachusetts,0,2710,337.1,0,4.86,0.6
1/16/2022,USA-25025,Suffolk,Massachusetts,0,2710,337.1,0,4.86,0.6
1/17/2022,USA-25025,Suffolk,Massachusetts,0,2710,337.1,0,4.86,0.6
1/18/2022,USA-25025,Suffolk,Massachusetts,7251,2064.57,256.82,8,3.43,0.43
1/19/2022,USA-25025,Suffolk,Massachusetts,1702,1857.29,231.03,21,5,0.62
